x_bin,y_bin,n,mean,median,std,x_var,y_var,outcome,view
0,0,37246,3.6565731780287973,3.677593785186132,1.9938985336181057,active_raw_Cz,active_raw_Hz,log_funding_hours,raw
0,1,30635,3.786537902846434,3.8754627501163434,2.0503022966785087,active_raw_Cz,active_raw_Hz,log_funding_hours,raw
0,2,40190,3.8651412226529596,3.9824762768751096,2.076342250106749,active_raw_Cz,active_raw_Hz,log_funding_hours,raw
0,3,59734,3.8354189902913336,3.8916275338239608,2.07193346494321,active_raw_Cz,active_raw_Hz,log_funding_hours,raw
0,4,79799,3.176789873356677,2.935643098638053,1.8501105350259879,active_raw_Cz,active_raw_Hz,log_funding_hours,raw
1,0,66789,3.8577208784747907,4.0625576313965,2.053397620101401,active_raw_Cz,active_raw_Hz,log_funding_hours,raw
1,1,59289,3.548116188529779,3.639426570394406,2.1928078214504123,active_raw_Cz,active_raw_Hz,log_funding_hours,raw
1,2,53135,3.24997865684626,3.1437690634922535,2.334756833242943,active_raw_Cz,active_raw_Hz,log_funding_hours,raw
1,3,33610,3.7394574270807053,3.8197036244482048,2.303833689062361,active_raw_Cz,active_raw_Hz,log_funding_hours,raw
1,4,33700,3.5209552847209755,3.3810135702118735,1.7733737903987101,active_raw_Cz,active_raw_Hz,log_funding_hours,raw
2,0,59195,4.1914657574393575,4.497705606487749,1.9878985510845681,active_raw_Cz,active_raw_Hz,log_funding_hours,raw
2,1,63893,4.050650545074094,4.34569396931511,2.057883095673221,active_raw_Cz,active_raw_Hz,log_funding_hours,raw
2,2,56382,3.9322382886179192,4.2104368688859655,2.1151410804449755,active_raw_Cz,active_raw_Hz,log_funding_hours,raw
2,3,37474,3.9733824952161445,4.14760660191638,2.0452836804619863,active_raw_Cz,active_raw_Hz,log_funding_hours,raw
2,4,29723,4.2167491797766194,4.471238713342229,1.8369385477808895,active_raw_Cz,active_raw_Hz,log_funding_hours,raw
3,0,48875,4.499782415433083,4.889339847139085,1.9579609716743245,active_raw_Cz,active_raw_Hz,log_funding_hours,raw
3,1,53467,4.375476015044823,4.784001863936415,2.0234473596384426,active_raw_Cz,active_raw_Hz,log_funding_hours,raw
3,2,51695,4.399999731730913,4.8106814198456815,1.9773851296361797,active_raw_Cz,active_raw_Hz,log_funding_hours,raw
3,3,48699,4.478639300242487,4.791649752930709,1.8379207049960486,active_raw_Cz,active_raw_Hz,log_funding_hours,raw
3,4,44232,4.568443387133385,4.887817731252196,1.7251405003706284,active_raw_Cz,active_raw_Hz,log_funding_hours,raw
4,0,34722,4.502436228392396,4.833145376686809,1.996846606542843,active_raw_Cz,active_raw_Hz,log_funding_hours,raw
4,1,39542,4.60182444557047,5.018842265269282,1.992302755220714,active_raw_Cz,active_raw_Hz,log_funding_hours,raw
4,2,45425,4.746111797976465,5.280649708582072,1.9497099628395331,active_raw_Cz,active_raw_Hz,log_funding_hours,raw
4,3,67308,4.691568109973458,5.166265829645536,1.8999466464486903,active_raw_Cz,active_raw_Hz,log_funding_hours,raw
4,4,59372,4.7857313037783475,5.337986693691054,1.9278602683998274,active_raw_Cz,active_raw_Hz,log_funding_hours,raw
0,0,102396,-0.5080843364756661,-0.6353582302645949,1.6991425081047162,dm_active_raw_Cz,dm_active_raw_Hz,dm_log_funding_hours,FE_demeaned
0,1,47827,-0.34443284931271456,-0.26690899995218287,1.708034064969995,dm_active_raw_Cz,dm_active_raw_Hz,dm_log_funding_hours,FE_demeaned
0,2,36503,-0.2756215177571382,-0.1464321235176889,1.7023284744884462,dm_active_raw_Cz,dm_active_raw_Hz,dm_log_funding_hours,FE_demeaned
0,3,31459,-0.10868022765328383,0.03962970858305315,1.7054981477044149,dm_active_raw_Cz,dm_active_raw_Hz,dm_log_funding_hours,FE_demeaned
0,4,28642,0.007759368979647056,0.10374099361660198,1.653092936341929,dm_active_raw_Cz,dm_active_raw_Hz,dm_log_funding_hours,FE_demeaned
1,0,50418,-0.3031963284488615,-0.29043807087040185,1.822028822793885,dm_active_raw_Cz,dm_active_raw_Hz,dm_log_funding_hours,FE_demeaned
1,1,55595,-0.20125865549188623,-0.08395136563247235,1.789212168695186,dm_active_raw_Cz,dm_active_raw_Hz,dm_log_funding_hours,FE_demeaned
1,2,53681,-0.13250531411297692,0.009815353269506898,1.7501072216479336,dm_active_raw_Cz,dm_active_raw_Hz,dm_log_funding_hours,FE_demeaned
1,3,52698,0.02974108200380676,0.22791919957895046,1.7512306318647142,dm_active_raw_Cz,dm_active_raw_Hz,dm_log_funding_hours,FE_demeaned
1,4,34436,0.2746661687847367,0.5165529973345779,1.7496491898537272,dm_active_raw_Cz,dm_active_raw_Hz,dm_log_funding_hours,FE_demeaned
2,0,32075,-0.12736000537205053,-0.03969200680980001,1.8050521581149281,dm_active_raw_Cz,dm_active_raw_Hz,dm_log_funding_hours,FE_demeaned
2,1,53690,-0.10456801509397318,0.07005232806036085,1.7869055143147912,dm_active_raw_Cz,dm_active_raw_Hz,dm_log_funding_hours,FE_demeaned
2,2,58152,-0.04623497082020269,0.16348387880205234,1.7575322890797154,dm_active_raw_Cz,dm_active_raw_Hz,dm_log_funding_hours,FE_demeaned
2,3,59476,0.09154824871288038,0.3146133835676583,1.729416617819854,dm_active_raw_Cz,dm_active_raw_Hz,dm_log_funding_hours,FE_demeaned
2,4,43431,0.23393620930897546,0.5065700342230295,1.7207887523002787,dm_active_raw_Cz,dm_active_raw_Hz,dm_log_funding_hours,FE_demeaned
3,0,28081,0.029341112219017564,0.22081424315498957,1.7771135610319135,dm_active_raw_Cz,dm_active_raw_Hz,dm_log_funding_hours,FE_demeaned
3,1,49243,0.021054363885450005,0.2273500065674609,1.760149601407324,dm_active_raw_Cz,dm_active_raw_Hz,dm_log_funding_hours,FE_demeaned
3,2,57688,0.09447234828662746,0.36085214247481456,1.7335859287268052,dm_active_raw_Cz,dm_active_raw_Hz,dm_log_funding_hours,FE_demeaned
3,3,59385,0.20099689045579303,0.46927984673375434,1.6939436337699092,dm_active_raw_Cz,dm_active_raw_Hz,dm_log_funding_hours,FE_demeaned
3,4,52429,0.3468088672300623,0.6332880942448829,1.651262022586047,dm_active_raw_Cz,dm_active_raw_Hz,dm_log_funding_hours,FE_demeaned
4,0,33857,0.09993686371864725,0.2525759429463297,1.717258066473645,dm_active_raw_Cz,dm_active_raw_Hz,dm_log_funding_hours,FE_demeaned
4,1,40471,0.03934812364063543,0.24637355001202993,1.7148033288782545,dm_active_raw_Cz,dm_active_raw_Hz,dm_log_funding_hours,FE_demeaned
4,2,40802,0.1571812690168589,0.42326811543446297,1.6848543948265848,dm_active_raw_Cz,dm_active_raw_Hz,dm_log_funding_hours,FE_demeaned
4,3,43811,0.2794137160448099,0.5718158687343103,1.645678069054451,dm_active_raw_Cz,dm_active_raw_Hz,dm_log_funding_hours,FE_demeaned
4,4,87885,0.4556199660725936,0.7314546856872596,1.6479257214978087,dm_active_raw_Cz,dm_active_raw_Hz,dm_log_funding_hours,FE_demeaned
