group,variable,rank,value,n,share_pct
结果变量,funding_hours,1,0.41888888888888887,1600,0.1296
结果变量,funding_hours,2,0.4191666666666667,1532,0.1241
结果变量,funding_hours,3,0.4197222222222222,1393,0.1129
结果变量,funding_hours,4,0.42,1372,0.1112
结果变量,funding_hours,5,0.41944444444444445,1289,0.1044
结果变量,funding_hours,6,0.42027777777777775,1282,0.1039
结果变量,log_funding_hours,1,0.3498740927082285,1600,0.1296
结果变量,log_funding_hours,2,0.3500698448865966,1532,0.1241
结果变量,log_funding_hours,3,0.3504612343240781,1393,0.1129
结果变量,log_funding_hours,4,0.35065687161316933,1372,0.1112
结果变量,log_funding_hours,5,0.3502655587535488,1289,0.1044
结果变量,log_funding_hours,6,0.35085247063579783,1282,0.1039
结果变量,funded_within_72h,1,0.0,621618,50.3689
结果变量,funded_within_72h,2,1.0,612513,49.6311
结果变量,eligible_72h_followup,1,1.0,1234131,100.0
结果变量,eligible_35d_followup,1,1.0,1234131,100.0
池规模,pool_size_active,1,18.0,2845,0.2305
池规模,pool_size_active,2,17.0,2755,0.2232
池规模,pool_size_active,3,20.0,2699,0.2187
池规模,pool_size_active,4,16.0,2686,0.2176
池规模,pool_size_active,5,22.0,2683,0.2174
池规模,pool_size_active,6,32.0,2652,0.2149
池规模,pool_size_active,7,14.0,2648,0.2146
池规模,pool_size_active,8,19.0,2648,0.2146
池规模,pool_size_14d,1,56.0,1256,0.1018
池规模,pool_size_14d,2,60.0,1248,0.1011
池规模,pool_size_14d,3,57.0,1242,0.1006
池规模,pool_size_14d,4,67.0,1235,0.1001
池规模,pool_size_16d,1,65.0,1184,0.0959
池规模,pool_size_16d,2,63.0,1148,0.093
池规模,pool_size_16d,3,66.0,1116,0.0904
池规模,lag_pool_raw_count,1,3113.0,2321,0.1881
池规模,lag_pool_raw_count,2,2552.0,2011,0.1629
池规模,lag_pool_raw_count,3,2888.0,1947,0.1578
池规模,lag_pool_raw_count,4,2410.0,1936,0.1569
池规模,lag_pool_raw_count,5,2253.0,1711,0.1386
池规模,lag_pool_raw_count,6,2140.0,1575,0.1276
池规模,lag_pool_raw_count,7,2683.0,1456,0.118
池规模,lag_pool_raw_count,8,2642.0,1455,0.1179
池规模,lag_weight,1,1207.4908809625672,13,0.0011
池规模,lag_weight,2,1207.492264840509,13,0.0011
池规模,lag_weight,3,173.8031157601273,12,0.001
池规模,lag_kish_n,1,1368.9385136392402,1519,0.1231
池规模,lag_kish_n,2,1444.0854997085353,1339,0.1085
池规模,lag_kish_n,3,836.837766590595,1301,0.1054
池规模,lag_completed_raw_count,1,2885.0,2887,0.2339
池规模,lag_completed_raw_count,2,2552.0,2013,0.1631
池规模,lag_completed_raw_count,3,2410.0,1906,0.1544
池规模,lag_completed_raw_count,4,2253.0,1755,0.1422
池规模,lag_completed_raw_count,5,2138.0,1675,0.1357
池规模,lag_completed_raw_count,6,3113.0,1623,0.1315
池规模,lag_completed_raw_count,7,2683.0,1480,0.1199
池规模,lag_completed_raw_count,8,2355.0,1407,0.114
池规模,lag_completed_weight,1,1204.8581706035613,13,0.0011
池规模,lag_completed_weight,2,1204.8595514642136,13,0.0011
池规模,lag_completed_weight,3,173.80311576012733,12,0.001
池规模,lag_completed_kish_n,1,1368.9385136392398,1519,0.1231
池规模,lag_completed_kish_n,2,1444.0854997085353,1339,0.1085
池规模,lag_completed_kish_n,3,843.4386682362467,1301,0.1054
拥挤度 C/V,C_active,1,2.9444389791664403,2845,0.2305
拥挤度 C/V,C_active,2,2.8903717578961645,2755,0.2232
拥挤度 C/V,C_active,3,3.044522437723423,2699,0.2187
拥挤度 C/V,C_active,4,2.833213344056216,2686,0.2176
拥挤度 C/V,C_active,5,3.1354942159291497,2683,0.2174
拥挤度 C/V,C_active,6,3.4965075614664802,2652,0.2149
拥挤度 C/V,C_active,7,2.70805020110221,2648,0.2146
拥挤度 C/V,C_active,8,2.995732273553991,2648,0.2146
拥挤度 C/V,C_14d,1,4.04305126783455,1256,0.1018
拥挤度 C/V,C_14d,2,4.110873864173311,1248,0.1011
拥挤度 C/V,C_14d,3,4.060443010546419,1242,0.1006
拥挤度 C/V,C_14d,4,4.219507705176107,1235,0.1001
拥挤度 C/V,C_16d,1,4.189654742026425,1184,0.0959
拥挤度 C/V,C_16d,2,4.1588830833596715,1148,0.093
拥挤度 C/V,C_16d,3,4.204692619390966,1116,0.0904
拥挤度 C/V,V_lag,1,7.097127654366262,13,0.0011
拥挤度 C/V,V_lag,2,7.097128799494596,13,0.0011
拥挤度 C/V,V_lag,3,5.1636602877772635,12,0.001
拥挤度 C/V,V_lag_completed,1,7.094946767223379,13,0.0011
拥挤度 C/V,V_lag_completed,2,7.094947912349643,13,0.0011
拥挤度 C/V,V_lag_completed,3,5.163660287777264,12,0.001
相似度 H/G,H_active_raw,1,0.0,78,0.0063
相似度 H/G,H_active_raw,2,0.8602575185913964,12,0.001
相似度 H/G,H_active_raw,3,0.8933808900309647,12,0.001
相似度 H/G,H_active_residual,1,0.0,1517,0.132
相似度 H/G,H_active_residual,2,0.6593743758339551,12,0.001
相似度 H/G,H_active_residual,3,0.891833714186219,12,0.001
相似度 H/G,H_14d_raw,1,0.0,69,0.0056
相似度 H/G,H_14d_raw,2,0.8309530257342327,12,0.001
相似度 H/G,H_14d_raw,3,0.8157213387198793,11,0.0009
相似度 H/G,H_14d_residual,1,0.0,1006,0.0875
相似度 H/G,H_14d_residual,2,0.5852544196088808,12,0.001
相似度 H/G,H_14d_residual,3,0.5954556470583362,11,0.001
相似度 H/G,H_16d_raw,1,0.0,66,0.0053
相似度 H/G,H_16d_raw,2,0.8294631767585874,12,0.001
相似度 H/G,H_16d_raw,3,0.42185477375795943,11,0.0009
相似度 H/G,H_16d_residual,1,0.0,914,0.0795
相似度 H/G,H_16d_residual,2,0.5893881247138699,12,0.001
相似度 H/G,H_16d_residual,3,0.5913426048925345,11,0.001
相似度 H/G,G_lag_raw,1,0.7141801133629871,1232,0.0998
相似度 H/G,G_lag_raw,2,0.5832017144984748,1162,0.0942
相似度 H/G,G_lag_raw,3,0.6997849925006154,1032,0.0836
相似度 H/G,G_lag_residual,1,0.7137479654234212,1232,0.1072
相似度 H/G,G_lag_residual,2,0.5835418832102471,1162,0.1011
相似度 H/G,G_lag_residual,3,0.6998946637217428,1032,0.0898
相似度 H/G,G_lag_completed_raw,1,0.7141801133629874,1232,0.0998
相似度 H/G,G_lag_completed_raw,2,0.587060268466008,1162,0.0942
相似度 H/G,G_lag_completed_raw,3,0.6997849925006157,1032,0.0836
相似度 H/G,G_lag_completed_residual,1,0.7137479654234217,1232,0.1072
相似度 H/G,G_lag_completed_residual,2,0.5873263424882045,1162,0.1011
相似度 H/G,G_lag_completed_residual,3,0.6998946637217431,1032,0.0898
文本,boilerplate_share,1,0.0,732845,59.3815
文本,boilerplate_share,2,1.0,84925,6.8814
文本,boilerplate_share,3,0.75,37881,3.0694
文本,boilerplate_share,4,0.5,36087,2.9241
文本,boilerplate_share,5,0.800000011920929,22424,1.817
文本,boilerplate_share,6,0.625,19278,1.5621
文本,boilerplate_share,7,0.5555555820465088,15486,1.2548
文本,boilerplate_share,8,0.4545454680919647,15042,1.2188
控制变量,loanAmount,1,200.0,113363,9.1857
控制变量,loanAmount,2,300.0,70018,5.6735
控制变量,loanAmount,3,225.0,63288,5.1281
控制变量,loanAmount,4,100.0,55831,4.5239
控制变量,loanAmount,5,275.0,55526,4.4992
控制变量,loanAmount,6,175.0,54872,4.4462
控制变量,loanAmount,7,125.0,52499,4.2539
控制变量,loanAmount,8,400.0,47306,3.8331
控制变量,log_loan_amount,1,5.303304908059076,113363,9.1857
控制变量,log_loan_amount,2,5.707110264748875,70018,5.6735
控制变量,log_loan_amount,3,5.420534999272286,63288,5.1281
控制变量,log_loan_amount,4,4.61512051684126,55831,4.5239
控制变量,log_loan_amount,5,5.62040086571715,55526,4.4992
控制变量,log_loan_amount,6,5.170483995038151,54872,4.4462
控制变量,log_loan_amount,7,4.836281906951478,52499,4.2539
控制变量,log_loan_amount,8,5.993961427306569,47306,3.8331
控制变量,borrowerCount,1,1.0,1106410,89.6509
控制变量,borrowerCount,2,2.0,20858,1.6901
控制变量,borrowerCount,3,3.0,18581,1.5056
控制变量,borrowerCount,4,5.0,16485,1.3358
控制变量,borrowerCount,5,4.0,14190,1.1498
控制变量,borrowerCount,6,6.0,7122,0.5771
控制变量,borrowerCount,7,8.0,6211,0.5033
控制变量,borrowerCount,8,10.0,6159,0.4991
控制变量,log_borrower_count,1,0.6931471805599453,1106410,89.6509
控制变量,log_borrower_count,2,1.0986122886681098,20858,1.6901
控制变量,log_borrower_count,3,1.3862943611198906,18581,1.5056
控制变量,log_borrower_count,4,1.791759469228055,16485,1.3358
控制变量,log_borrower_count,5,1.6094379124341003,14190,1.1498
控制变量,log_borrower_count,6,1.9459101490553132,7122,0.5771
控制变量,log_borrower_count,7,2.1972245773362196,6211,0.5033
控制变量,log_borrower_count,8,2.3978952727983707,6159,0.4991
控制变量,lenderRepaymentTerm,1,14.0,350486,28.3994
控制变量,lenderRepaymentTerm,2,8.0,292135,23.6713
控制变量,lenderRepaymentTerm,3,11.0,103657,8.3992
控制变量,lenderRepaymentTerm,4,7.0,83199,6.7415
控制变量,lenderRepaymentTerm,5,13.0,77439,6.2748
控制变量,lenderRepaymentTerm,6,20.0,48946,3.966
控制变量,lenderRepaymentTerm,7,10.0,44783,3.6287
控制变量,lenderRepaymentTerm,8,12.0,42060,3.4081
控制变量,log_repayment_term,1,2.70805020110221,350486,28.3994
控制变量,log_repayment_term,2,2.1972245773362196,292135,23.6713
控制变量,log_repayment_term,3,2.4849066497880004,103657,8.3992
控制变量,log_repayment_term,4,2.0794415416798357,83199,6.7415
控制变量,log_repayment_term,5,2.6390573296152584,77439,6.2748
控制变量,log_repayment_term,6,3.044522437723423,48946,3.966
控制变量,log_repayment_term,7,2.3978952727983707,44783,3.6287
控制变量,log_repayment_term,8,2.5649493574615367,42060,3.4081
控制变量,platform_posting_7d_count,1,2958.0,749,0.0607
控制变量,platform_posting_7d_count,2,2906.0,742,0.0601
控制变量,platform_posting_7d_count,3,2854.0,740,0.06
控制变量,log_platform_posting_7d,1,7.99260665240021,749,0.0607
控制变量,log_platform_posting_7d,2,7.9748769005588755,742,0.0601
控制变量,log_platform_posting_7d,3,7.956827122090111,740,0.06
控制变量,country_ppp,1,4321.0,430030,34.8448
控制变量,country_ppp,2,2549.0,231226,18.7359
控制变量,country_ppp,3,1644.0,61063,4.9479
控制变量,country_ppp,4,1353.0,59926,4.8557
控制变量,country_ppp,5,2812.0,54241,4.3951
控制变量,country_ppp,6,616.0,43696,3.5406
控制变量,country_ppp,7,1707.0,35266,2.8576
控制变量,country_ppp,8,2953.0,34552,2.7997
衍生 z 与交互,Cz,1,-2.5968854427337646,2845,0.2305
衍生 z 与交互,Cz,2,-2.6391234397888184,2755,0.2232
衍生 z 与交互,Cz,3,-2.5186989307403564,2699,0.2187
衍生 z 与交互,Cz,4,-2.683776378631592,2686,0.2176
衍生 z 与交互,Cz,5,-2.4476304054260254,2683,0.2174
衍生 z 与交互,Cz,6,-2.165601968765259,2652,0.2149
衍生 z 与交互,Cz,7,-2.781555652618408,2648,0.2146
衍生 z 与交互,Cz,8,-2.556814432144165,2648,0.2146
衍生 z 与交互,Hz,1,-0.6983932256698608,78,0.0063
衍生 z 与交互,Hz,2,6.046809196472168,17,0.0014
衍生 z 与交互,Hz,3,5.000123023986816,13,0.0011
衍生 z 与交互,Vz,1,0.891358494758606,16,0.0013
衍生 z 与交互,Vz,2,-0.8092269897460938,14,0.0011
衍生 z 与交互,Vz,3,0.8237451910972595,13,0.0011
衍生 z 与交互,Gz,1,3.967595338821411,1232,0.0998
衍生 z 与交互,Gz,2,3.1169846057891846,1162,0.0942
衍生 z 与交互,Gz,3,3.8741092681884766,1032,0.0836
衍生 z 与交互,CH,1,3.825108528137207,12,0.001
衍生 z 与交互,CH,2,-1.5809965133666992,12,0.001
衍生 z 与交互,CH,3,-2.0503292083740234,11,0.0009
衍生 z 与交互,VG,1,0.3105216920375824,12,0.001
衍生 z 与交互,VG,2,0.028322216123342514,11,0.0009
衍生 z 与交互,VG,3,-1.5328127145767212,11,0.0009
衍生 z 与交互,Cz_res,1,-2.57357120513916,2845,0.2305
衍生 z 与交互,Cz_res,2,-2.615664482116699,2755,0.2232
衍生 z 与交互,Cz_res,3,-2.495652914047241,2699,0.2187
衍生 z 与交互,Cz_res,4,-2.6601641178131104,2686,0.2176
衍生 z 与交互,Cz_res,5,-2.424828052520752,2683,0.2174
衍生 z 与交互,Cz_res,6,-2.1437668800354004,2652,0.2149
衍生 z 与交互,Cz_res,7,-2.757607936859131,2648,0.2146
衍生 z 与交互,Cz_res,8,-2.533637523651123,2648,0.2146
衍生 z 与交互,Hz_res,1,-0.6041086912155151,1517,0.132
衍生 z 与交互,Hz_res,2,6.276992321014404,14,0.0012
衍生 z 与交互,Hz_res,3,4.512134552001953,12,0.001
衍生 z 与交互,Vz_res,1,0.8906033635139465,16,0.0013
衍生 z 与交互,Vz_res,2,-0.7887277007102966,14,0.0011
衍生 z 与交互,Vz_res,3,-1.9359016418457031,14,0.0011
衍生 z 与交互,Gz_res,1,4.645990371704102,1232,0.1072
衍生 z 与交互,Gz_res,2,3.694565773010254,1162,0.1011
衍生 z 与交互,Gz_res,3,4.544763088226318,1032,0.0898
衍生 z 与交互,CH_res,1,1.8117667436599731,30,0.0026
衍生 z 与交互,CH_res,2,1.4648597240447998,30,0.0026
衍生 z 与交互,CH_res,3,1.7708436250686646,26,0.0023
衍生 z 与交互,VG_res,1,0.28110358119010925,12,0.001
衍生 z 与交互,VG_res,2,0.062276311218738556,11,0.001
衍生 z 与交互,VG_res,3,-0.7661321759223938,11,0.001
时间与设计,fundraising_year,1,2021.0,153903,12.4706
时间与设计,fundraising_year,2,2017.0,153563,12.443
时间与设计,fundraising_year,3,2018.0,145009,11.7499
时间与设计,fundraising_year,4,2023.0,141316,11.4506
时间与设计,fundraising_year,5,2024.0,140034,11.3468
时间与设计,fundraising_year,6,2022.0,136845,11.0884
时间与设计,fundraising_year,7,2019.0,133897,10.8495
时间与设计,fundraising_year,8,2020.0,127096,10.2984
时间与设计,posting_dow,1,2.0,188592,15.2814
时间与设计,posting_dow,2,3.0,184718,14.9675
时间与设计,posting_dow,3,5.0,184026,14.9114
时间与设计,posting_dow,4,4.0,182587,14.7948
时间与设计,posting_dow,5,1.0,182298,14.7714
时间与设计,posting_dow,6,0.0,160839,13.0326
时间与设计,posting_dow,7,6.0,151071,12.2411
时间与设计,posting_hour,1,17.0,88979,7.2099
时间与设计,posting_hour,2,16.0,87144,7.0612
时间与设计,posting_hour,3,18.0,79270,6.4231
时间与设计,posting_hour,4,15.0,69417,5.6248
时间与设计,posting_hour,5,19.0,68494,5.55
时间与设计,posting_hour,6,20.0,67040,5.4322
时间与设计,posting_hour,7,14.0,66375,5.3783
时间与设计,posting_hour,8,21.0,64084,5.1926
