spec,n,term,estimate,se,p
"T1a 完整主模型（控制 C,H,V）",1234131,active_raw_Cz,0.5202465351139346,0.039727029902026076,0.0
"T1a 完整主模型（控制 C,H,V）",1234131,active_raw_Hz,0.403605170154434,0.06344091869802249,9.047614413226768e-08
"T1a 完整主模型（控制 C,H,V）",1234131,active_raw_CH,0.10166469106037873,0.03276560633644362,0.0033078608347010263
"T1a 完整主模型（控制 C,H,V）",1234131,active_raw_Vz,0.04966644746134886,0.07046214849380301,0.4845254175517162
"T1a 完整主模型（控制 C,H,V）",1234131,active_raw_Gz,-0.13853188118845877,0.05834980767463302,0.021915381972028802
"T1a 完整主模型（控制 C,H,V）",1234131,active_raw_VG,0.04174754945700101,0.013614522372877847,0.0036583803060670217
"T1a 完整主模型（控制 C,H,V）",1234131,log_loan_amount,1.1814523631982432,0.10755021301471226,2.531308496145357e-14
"T1a 完整主模型（控制 C,H,V）",1234131,log_borrower_count,0.01040360312929511,0.11064931787527704,0.9255081303832551
"T1a 完整主模型（控制 C,H,V）",1234131,log_repayment_term,2.3115756561069634,0.7093811393943666,0.002134855390485857
"T1a 完整主模型（控制 C,H,V）",1234131,log_platform_posting_7d,-0.09059638016981551,0.05063118429487492,0.08029165501726299
T1b 只放 G（不控制 H/C/V）,1234131,active_raw_Gz,0.14547566110226098,0.06299477848775088,0.025571425599832942
T1b 只放 G（不控制 H/C/V）,1234131,log_loan_amount,1.1625869829877942,0.10472434146327288,1.7763568394002505e-14
T1b 只放 G（不控制 H/C/V）,1234131,log_borrower_count,0.058037635238394905,0.10933231453964252,0.5981420515536882
T1b 只放 G（不控制 H/C/V）,1234131,log_repayment_term,2.345618604917587,0.7000734445557021,0.0016405834089745497
T1b 只放 G（不控制 H/C/V）,1234131,log_platform_posting_7d,0.1362181210423129,0.1181275700330233,0.2549397261022599
T1c 放 G 与 V（不控制当前通道）,1234131,active_raw_Vz,0.22368108686518182,0.07365762654529974,0.003969283182206906
T1c 放 G 与 V（不控制当前通道）,1234131,active_raw_Gz,0.1531688703318829,0.07394914420884162,0.04409631605477382
T1c 放 G 与 V（不控制当前通道）,1234131,active_raw_VG,0.07283151875503391,0.01485222326983038,1.2665902032749088e-05
T1c 放 G 与 V（不控制当前通道）,1234131,log_loan_amount,1.15984029485513,0.10655494803612534,3.419486915845482e-14
T1c 放 G 与 V（不控制当前通道）,1234131,log_borrower_count,0.05355044350521787,0.11100818839103956,0.6318595478419198
T1c 放 G 与 V（不控制当前通道）,1234131,log_repayment_term,2.3415168289383375,0.6998399525846832,0.001663164333310041
T1c 放 G 与 V（不控制当前通道）,1234131,log_platform_posting_7d,0.14295315420520907,0.1218323181787853,0.246824831394868
T1d 放 G 与 H（叙事维度的总效应）,1234131,active_raw_Hz,0.4301574474484072,0.030545500732385773,0.0
T1d 放 G 与 H（叙事维度的总效应）,1234131,active_raw_Gz,-0.14061437536344576,0.058367105921262624,0.020144665291160768
T1d 放 G 与 H（叙事维度的总效应）,1234131,log_loan_amount,1.177305401446312,0.10409676980103949,9.547918011776346e-15
T1d 放 G 与 H（叙事维度的总效应）,1234131,log_borrower_count,0.026098949752996824,0.10810028066126272,0.8103164956725131
T1d 放 G 与 H（叙事维度的总效应）,1234131,log_repayment_term,2.3116473025583115,0.7113207839361504,0.002188841470675662
T1d 放 G 与 H（叙事维度的总效应）,1234131,log_platform_posting_7d,0.03963600832668799,0.057610594076551176,0.49498502607054595
T2a 主模型 + 队列速度,1234131,active_raw_Cz,0.3915055232880031,0.044008622986813475,1.777356040122413e-11
T2a 主模型 + 队列速度,1234131,active_raw_Hz,0.4127300677417851,0.06572416239116931,1.1988652937056088e-07
T2a 主模型 + 队列速度,1234131,active_raw_CH,0.09811827650198468,0.03422441727631236,0.006284755639045292
T2a 主模型 + 队列速度,1234131,active_raw_Vz,0.08276595744896342,0.07914129954687198,0.3012386928863704
T2a 主模型 + 队列速度,1234131,active_raw_Gz,-0.12979083671880706,0.05354869782477886,0.019441951027205917
T2a 主模型 + 队列速度,1234131,active_raw_VG,0.03174267368204127,0.013064940331308075,0.019169205611009543
T2a 主模型 + 队列速度,1234131,log_loan_amount,1.1799210796100439,0.1075919566467944,2.6645352591003757e-14
T2a 主模型 + 队列速度,1234131,log_borrower_count,0.007190914139826358,0.10895355534154441,0.9476703280798833
T2a 主模型 + 队列速度,1234131,log_repayment_term,2.309861203950468,0.70798617354421,0.0021107007948006906
T2a 主模型 + 队列速度,1234131,log_platform_posting_7d,-0.0670441375045151,0.05472758653269689,0.22692947969907307
T2a 主模型 + 队列速度,1234131,lag_cohort_logfh,0.23572152328089155,0.05541362136610801,0.00010492411313434147
T2b 主模型 + 队列速度 + 队列72h率 + 队列规模,1234131,active_raw_Cz,0.3819663659058622,0.04530695118549813,8.210476742931405e-11
T2b 主模型 + 队列速度 + 队列72h率 + 队列规模,1234131,active_raw_Hz,0.416717964054451,0.06332418312238915,4.2759686680327036e-08
T2b 主模型 + 队列速度 + 队列72h率 + 队列规模,1234131,active_raw_CH,0.10171843528166652,0.03387676932366552,0.004358495654803951
T2b 主模型 + 队列速度 + 队列72h率 + 队列规模,1234131,active_raw_Vz,0.11687795368014935,0.06715141357867915,0.08860370220001701
T2b 主模型 + 队列速度 + 队列72h率 + 队列规模,1234131,active_raw_Gz,-0.1379178620335904,0.052994530249498226,0.012487084402386106
T2b 主模型 + 队列速度 + 队列72h率 + 队列规模,1234131,active_raw_VG,0.02778587143773019,0.01377240327144582,0.04963062544705843
T2b 主模型 + 队列速度 + 队列72h率 + 队列规模,1234131,log_loan_amount,1.179930436434415,0.10766002802068664,2.731148640577885e-14
T2b 主模型 + 队列速度 + 队列72h率 + 队列规模,1234131,log_borrower_count,0.006768237321285491,0.10835920366835047,0.9504722380991593
T2b 主模型 + 队列速度 + 队列72h率 + 队列规模,1234131,log_repayment_term,2.30934403014433,0.7077034376395092,0.002107263001038584
T2b 主模型 + 队列速度 + 队列72h率 + 队列规模,1234131,log_platform_posting_7d,-0.06584485678189847,0.05373512925404398,0.22681471821511856
T2b 主模型 + 队列速度 + 队列72h率 + 队列规模,1234131,lag_cohort_logfh,0.5298571581188302,0.1422164204848427,0.0005412809211384761
T2b 主模型 + 队列速度 + 队列72h率 + 队列规模,1234131,lag_cohort_r72,1.4499065477652187,0.474384094483632,0.0037606593490406848
T2b 主模型 + 队列速度 + 队列72h率 + 队列规模,1234131,lag_cohort_logn,-0.031908929705213675,0.05306164326504288,0.5506205528036316
T3a 14天规格 · 主样本,1234131,posting_14d_raw_Cz,0.19402378100504736,0.04174477732876755,2.9417548788712722e-05
T3a 14天规格 · 主样本,1234131,posting_14d_raw_Hz,0.2705673089284776,0.04388304202363781,1.77178052007676e-07
T3a 14天规格 · 主样本,1234131,posting_14d_raw_CH,0.09313271044030455,0.018836058155768578,1.1068053624496699e-05
T3a 14天规格 · 主样本,1234131,posting_14d_raw_Vz,0.15464726227514847,0.0678183001473737,0.02737729613124884
T3a 14天规格 · 主样本,1234131,posting_14d_raw_Gz,-0.0728621075948263,0.05933471880309655,0.22583731463054724
T3a 14天规格 · 主样本,1234131,posting_14d_raw_VG,0.027668322402340666,0.01553276817241395,0.08161562106908349
T3a 14天规格 · 主样本,1234131,log_loan_amount,1.1769688560364377,0.10825437208907975,3.552713678800501e-14
T3a 14天规格 · 主样本,1234131,log_borrower_count,0.036820998589609535,0.10775222369471239,0.7341529602466084
T3a 14天规格 · 主样本,1234131,log_repayment_term,2.3278938090707038,0.7031937653929348,0.0018409012553899373
T3a 14天规格 · 主样本,1234131,log_platform_posting_7d,-0.016257938116458207,0.07529580867290232,0.8300251797581808
T3b 14天规格 · 14天样本,1256347,posting_14d_raw_Cz,0.21575488152162509,0.04614304911222089,2.6848421962544222e-05
T3b 14天规格 · 14天样本,1256347,posting_14d_raw_Hz,0.26322764445296704,0.04281495755431763,1.881892577326738e-07
T3b 14天规格 · 14天样本,1256347,posting_14d_raw_CH,0.0893345797644478,0.01981547706947772,4.6333673306531153e-05
T3b 14天规格 · 14天样本,1256347,posting_14d_raw_Vz,0.13860947424128242,0.06921528706585997,0.0512691116987245
T3b 14天规格 · 14天样本,1256347,posting_14d_raw_Gz,-0.06725396087941612,0.060036000833398745,0.26856024519241584
T3b 14天规格 · 14天样本,1256347,posting_14d_raw_VG,0.026047968072319662,0.015982927803684637,0.11013821316854533
T3b 14天规格 · 14天样本,1256347,log_loan_amount,1.1684139782642395,0.1059336331511459,2.19824158875781e-14
T3b 14天规格 · 14天样本,1256347,log_borrower_count,0.03941087676535602,0.1082828793662715,0.7175907796735053
T3b 14天规格 · 14天样本,1256347,log_repayment_term,2.2841131914392667,0.6964289789908525,0.002009896339024264
T3b 14天规格 · 14天样本,1256347,log_platform_posting_7d,-0.0359682988706771,0.07749739664055541,0.6447973976733099
